2025-05-26,10:42:13,Backup already up to date: AutoTool-backup-2025-05-23.bundle  
2025-05-26,10:42:14,Backup already up to date: DynamigMQ-backup-2025-05-23.bundle  
2025-05-26,10:42:15,Backup already up to date: Jefferson-Elora-backup-2025-05-23.bundle  
2025-05-26,10:42:16,Backup already up to date: Promtek-backup-2025-05-23.bundle  
2025-05-26,10:42:17,Backup already up to date: Stellantis-Etobicoke-Casting-backup-2025-05-26.bundle  
2025-05-26,10:42:18,Backup already up to date: Trimont-A-Side-backup-2025-05-23.bundle  
2025-05-26,10:46:32,Backup already up to date: AutoTool-backup-2025-05-23.bundle  
2025-05-26,10:46:33,Backup already up to date: DynamigMQ-backup-2025-05-23.bundle  
2025-05-26,10:46:34,Backup already up to date: Jefferson-Elora-backup-2025-05-23.bundle  
2025-05-26,10:46:36,Backup already up to date: Promtek-backup-2025-05-23.bundle  
2025-05-26,10:46:37,Backup already up to date: Stellantis-Etobicoke-Casting-backup-2025-05-26.bundle  
2025-05-26,10:46:38,Backup already up to date: Trimont-A-Side-backup-2025-05-23.bundle  
2025-05-26,10:46:38,Finished All Backups  
2025-05-26,10:50:37,Backup already up to date: AutoTool-backup-2025-05-23.bundle  
2025-05-26,10:50:38,Backup already up to date: DynamigMQ-backup-2025-05-23.bundle  
2025-05-26,10:50:39,Backup already up to date: Jefferson-Elora-backup-2025-05-23.bundle  
2025-05-26,10:50:40,Backup already up to date: Promtek-backup-2025-05-23.bundle  
2025-05-26,10:50:40,Backup already up to date: Stellantis-Etobicoke-Casting-backup-2025-05-26.bundle  
2025-05-26,10:50:41,Backup already up to date: Trimont-A-Side-backup-2025-05-23.bundle  
2025-05-26,10:50:42,Finished All Backups  
2025-05-27,09:18:46,Backup already up to date: AutoTool-backup-2025-05-23.bundle  
2025-05-27,09:18:48,Backup already up to date: DynamigMQ-backup-2025-05-23.bundle  
2025-05-27,09:24:24,Backup Complete: G:\My Drive\Project-Repo-Backups\Jefferson-Elora\Jefferson-Elora-backup-2025-05-27.bundle  
2025-05-27,09:24:25,Backup already up to date: Promtek-backup-2025-05-23.bundle  
2025-05-27,09:24:27,Backup already up to date: Stellantis-Etobicoke-Casting-backup-2025-05-26.bundle  
2025-05-27,09:24:28,Backup already up to date: Trimont-A-Side-backup-2025-05-23.bundle  
2025-05-27,09:24:29,Finished All Backups  
2025-05-28,09:20:17,Backup already up to date: AutoTool-backup-2025-05-23.bundle  
2025-05-28,09:20:21,Backup already up to date: DynamigMQ-backup-2025-05-23.bundle  
2025-05-28,09:27:36,Backup Complete: G:\My Drive\Project-Repo-Backups\Jefferson-Elora\Jefferson-Elora-backup-2025-05-28.bundle  
2025-05-28,09:27:37,Backup already up to date: Promtek-backup-2025-05-23.bundle  
2025-05-28,09:27:39,Backup already up to date: Stellantis-Etobicoke-Casting-backup-2025-05-26.bundle  
2025-05-28,09:27:40,Backup already up to date: Trimont-A-Side-backup-2025-05-23.bundle  
2025-05-28,09:27:40,Finished All Backups  
2025-05-29,09:12:12,Backup already up to date: AutoTool-backup-2025-05-23.bundle  
2025-05-29,09:12:15,Backup already up to date: DynamigMQ-backup-2025-05-23.bundle  
2025-05-29,09:12:18,Backup already up to date: Jefferson-Elora-backup-2025-05-28.bundle  
2025-05-29,09:12:21,Backup already up to date: Promtek-backup-2025-05-23.bundle  
2025-05-29,09:12:25,Backup already up to date: Stellantis-Etobicoke-Casting-backup-2025-05-26.bundle  
2025-05-29,09:12:27,Backup already up to date: Trimont-A-Side-backup-2025-05-23.bundle  
2025-05-29,09:12:27,Finished All Backups  
2025-05-29,16:19:13,Backup already up to date: AutoTool-backup-2025-05-23.bundle  
2025-05-29,16:19:14,Backup already up to date: DynamigMQ-backup-2025-05-23.bundle  
2025-05-29,16:19:16,Backup already up to date: Jefferson-Elora-backup-2025-05-28.bundle  
2025-05-29,16:19:17,Backup already up to date: Promtek-backup-2025-05-23.bundle  
2025-05-29,16:19:19,Backup already up to date: Stellantis-Etobicoke-Casting-backup-2025-05-26.bundle  
2025-05-29,16:19:20,Backup already up to date: Trimont-A-Side-backup-2025-05-23.bundle  
2025-05-29,16:55:50,Backup Complete: G:\My Drive\Project-Repo-Backups\Demos-Tests\Demos-Tests-backup-2025-05-29.bundle  
2025-05-29,16:55:51,Finished All Backups  
2025-05-30,09:32:36,Backup already up to date: AutoTool-backup-2025-05-23.bundle  
2025-05-30,09:32:38,Backup already up to date: DynamigMQ-backup-2025-05-23.bundle  
2025-05-30,09:32:40,Backup already up to date: Jefferson-Elora-backup-2025-05-28.bundle  
2025-05-30,09:32:41,Backup already up to date: Promtek-backup-2025-05-23.bundle  
2025-05-30,09:32:43,Backup already up to date: Stellantis-Etobicoke-Casting-backup-2025-05-26.bundle  
2025-05-30,09:32:44,Backup already up to date: Trimont-A-Side-backup-2025-05-23.bundle  
2025-05-30,09:32:46,Backup already up to date: Demos-Tests-backup-2025-05-29.bundle  
2025-05-30,09:32:47,Finished All Backups  
2025-05-30,09:36:45,Backup already up to date: AutoTool-backup-2025-05-23.bundle  
2025-05-30,09:36:47,Backup already up to date: DynamigMQ-backup-2025-05-23.bundle  
2025-05-30,09:36:48,Backup already up to date: Jefferson-Elora-backup-2025-05-28.bundle  
2025-05-30,09:36:49,Backup already up to date: Promtek-backup-2025-05-23.bundle  
2025-05-30,09:36:50,Backup already up to date: Stellantis-Etobicoke-Casting-backup-2025-05-26.bundle  
2025-05-30,09:36:51,Backup already up to date: Trimont-A-Side-backup-2025-05-23.bundle  
2025-05-30,09:36:53,Backup already up to date: Demos-Tests-backup-2025-05-29.bundle  
2025-05-30,09:36:53,Finished All Backups  
2025-05-30,15:28:32,Backup already up to date: AutoTool-backup-2025-05-23.bundle  
2025-05-30,15:28:33,Backup already up to date: DynamigMQ-backup-2025-05-23.bundle  
2025-05-30,15:28:34,Backup already up to date: Jefferson-Elora-backup-2025-05-28.bundle  
2025-05-30,15:28:36,Backup already up to date: Promtek-backup-2025-05-23.bundle  
2025-05-30,15:28:37,Backup already up to date: Stellantis-Etobicoke-Casting-backup-2025-05-26.bundle  
2025-05-30,15:28:38,Backup already up to date: Trimont-A-Side-backup-2025-05-23.bundle  
2025-05-30,15:28:40,Backup already up to date: Demos-Tests-backup-2025-05-29.bundle  
2025-05-30,15:28:41,Backup Failed:   
2025-05-30,15:28:41,Finished All Backups  
2025-05-30,15:31:08,Backup already up to date: AutoTool-backup-2025-05-23.bundle  
2025-05-30,15:31:10,Backup already up to date: DynamigMQ-backup-2025-05-23.bundle  
2025-05-30,15:31:11,Backup already up to date: Jefferson-Elora-backup-2025-05-28.bundle  
2025-05-30,15:31:12,Backup already up to date: Promtek-backup-2025-05-23.bundle  
2025-05-30,15:31:13,Backup already up to date: Stellantis-Etobicoke-Casting-backup-2025-05-26.bundle  
2025-05-30,15:31:14,Backup already up to date: Trimont-A-Side-backup-2025-05-23.bundle  
2025-05-30,15:31:15,Backup already up to date: Demos-Tests-backup-2025-05-29.bundle  
2025-05-30,15:31:16,Backup Complete: G:\My Drive\Project-Repo-Backups\Formet\Formet-backup-2025-05-30.bundle  
2025-05-30,15:31:17,Finished All Backups  
2025-05-31,12:34:13,Backup already up to date: AutoTool-backup-2025-05-23.bundle  
2025-05-31,12:34:15,Backup already up to date: DynamigMQ-backup-2025-05-23.bundle  
2025-05-31,12:34:17,Backup already up to date: Jefferson-Elora-backup-2025-05-28.bundle  
2025-05-31,12:34:19,Backup already up to date: Promtek-backup-2025-05-23.bundle  
2025-05-31,12:34:21,Backup already up to date: Stellantis-Etobicoke-Casting-backup-2025-05-26.bundle  
2025-05-31,12:34:23,Backup already up to date: Trimont-A-Side-backup-2025-05-23.bundle  
2025-05-31,12:34:25,Backup already up to date: Demos-Tests-backup-2025-05-29.bundle  
2025-05-31,12:34:27,Backup already up to date: Formet-backup-2025-05-30.bundle  
2025-05-31,12:34:28,Finished All Backups  
2025-06-01,12:32:27,Backup already up to date: AutoTool-backup-2025-05-23.bundle  
2025-06-01,12:32:29,Backup already up to date: DynamigMQ-backup-2025-05-23.bundle  
2025-06-01,12:32:31,Backup already up to date: Jefferson-Elora-backup-2025-05-28.bundle  
2025-06-01,12:32:33,Backup already up to date: Promtek-backup-2025-05-23.bundle  
2025-06-01,12:32:35,Backup already up to date: Stellantis-Etobicoke-Casting-backup-2025-05-26.bundle  
2025-06-01,12:32:37,Backup already up to date: Trimont-A-Side-backup-2025-05-23.bundle  
2025-06-01,12:32:39,Backup already up to date: Demos-Tests-backup-2025-05-29.bundle  
2025-06-01,12:32:41,Backup already up to date: Formet-backup-2025-05-30.bundle  
2025-06-01,12:32:42,Finished All Backups  
2025-06-02,09:10:31,Backup already up to date: AutoTool-backup-2025-05-23.bundle  
2025-06-02,09:10:33,Backup already up to date: DynamigMQ-backup-2025-05-23.bundle  
2025-06-02,09:10:35,Backup already up to date: Jefferson-Elora-backup-2025-05-28.bundle  
2025-06-02,09:10:36,Backup already up to date: Promtek-backup-2025-05-23.bundle  
2025-06-02,09:10:38,Backup already up to date: Stellantis-Etobicoke-Casting-backup-2025-05-26.bundle  
2025-06-02,09:10:40,Backup already up to date: Trimont-A-Side-backup-2025-05-23.bundle  
2025-06-02,09:10:42,Backup already up to date: Demos-Tests-backup-2025-05-29.bundle  
2025-06-02,09:10:44,Backup already up to date: Formet-backup-2025-05-30.bundle  
2025-06-02,09:10:45,Finished All Backups  
2025-06-03,09:15:09,Backup already up to date: AutoTool-backup-2025-05-23.bundle  
2025-06-03,09:15:10,Backup already up to date: DynamigMQ-backup-2025-05-23.bundle  
2025-06-03,09:15:12,Backup already up to date: Jefferson-Elora-backup-2025-05-28.bundle  
2025-06-03,09:15:14,Backup already up to date: Promtek-backup-2025-05-23.bundle  
2025-06-03,09:15:16,Backup already up to date: Stellantis-Etobicoke-Casting-backup-2025-05-26.bundle  
2025-06-03,09:15:18,Backup already up to date: Trimont-A-Side-backup-2025-05-23.bundle  
2025-06-03,09:15:19,Backup already up to date: Demos-Tests-backup-2025-05-29.bundle  
2025-06-03,09:15:20,Backup already up to date: Formet-backup-2025-05-30.bundle  
2025-06-03,09:15:21,Finished All Backups  
2025-06-05,10:02:28,Backup already up to date: AutoTool-backup-2025-05-23.bundle  
2025-06-05,10:02:29,Backup already up to date: DynamigMQ-backup-2025-05-23.bundle  
2025-06-05,10:02:32,Backup already up to date: Jefferson-Elora-backup-2025-05-28.bundle  
2025-06-05,10:02:34,Backup already up to date: Promtek-backup-2025-05-23.bundle  
2025-06-05,10:02:36,Backup already up to date: Stellantis-Etobicoke-Casting-backup-2025-05-26.bundle  
2025-06-05,10:02:41,Backup already up to date: Trimont-A-Side-backup-2025-05-23.bundle  
2025-06-05,10:02:45,Backup Failed:   
2025-06-05,10:02:49,Backup Failed:   
2025-06-05,10:02:51,Finished All Backups  
2025-06-06,09:02:33,Backup already up to date: AutoTool-backup-2025-05-23.bundle  
2025-06-06,09:02:35,Backup already up to date: DynamigMQ-backup-2025-05-23.bundle  
2025-06-06,09:02:38,Backup already up to date: Jefferson-Elora-backup-2025-05-28.bundle  
2025-06-06,09:02:40,Backup already up to date: Promtek-backup-2025-05-23.bundle  
2025-06-06,09:02:42,Backup already up to date: Stellantis-Etobicoke-Casting-backup-2025-05-26.bundle  
2025-06-06,09:02:45,Backup already up to date: Trimont-A-Side-backup-2025-05-23.bundle  
2025-06-06,09:02:46,Backup already up to date: Demos-Tests-backup-2025-05-29.bundle  
2025-06-06,09:02:48,Backup already up to date: Formet-backup-2025-05-30.bundle  
2025-06-06,09:02:48,Finished All Backups  
2025-06-26,03:39:05,Backup Failed:   
2025-06-26,03:39:06,Backup Failed:   
2025-06-26,03:39:07,Backup Failed:   
2025-06-26,03:39:08,Backup Failed:   
2025-06-26,03:39:10,Backup Failed:   
2025-06-26,03:39:11,Backup Failed:   
2025-06-26,03:39:12,Backup Failed:   
2025-06-26,03:39:13,Backup Failed:   
2025-06-26,03:39:14,Finished All Backups  
2025-06-26,09:19:34,Backup Complete: G:\My Drive\Project-Repo-Backups\AutoTool\AutoTool-backup-2025-06-26.bundle  
2025-06-26,09:19:35,Backup already up to date: DynamigMQ-backup-2025-05-23.bundle  
2025-06-26,09:19:36,Backup already up to date: Jefferson-Elora-backup-2025-05-28.bundle  
2025-06-26,09:19:38,Backup already up to date: Promtek-backup-2025-05-23.bundle  
2025-06-26,09:19:39,Backup already up to date: Stellantis-Etobicoke-Casting-backup-2025-05-26.bundle  
2025-06-26,09:19:40,Backup already up to date: Trimont-A-Side-backup-2025-05-23.bundle  
2025-06-26,09:19:41,Backup already up to date: Demos-Tests-backup-2025-05-29.bundle  
2025-06-26,09:19:42,Backup already up to date: Formet-backup-2025-05-30.bundle  
2025-06-26,09:19:43,Finished All Backups  
2025-06-28,03:31:54,Backup already up to date: AutoTool-backup-2025-06-26.bundle  
2025-06-28,03:40:50,Backup already up to date: DynamigMQ-backup-2025-05-23.bundle  
2025-06-28,06:25:38,Backup Failed:   
2025-06-28,09:38:46,Backup Failed:   
2025-06-28,13:06:10,Backup Failed:   
2025-06-28,16:24:28,Backup Failed:   
2025-06-28,16:32:25,Backup already up to date: Demos-Tests-backup-2025-05-29.bundle  
2025-06-28,18:01:41,Backup already up to date: Formet-backup-2025-05-30.bundle  
2025-06-28,19:15:04,Finished All Backups  
2025-06-29,03:02:11,Backup Failed:   
2025-06-29,03:02:42,Backup Failed:   
2025-06-29,03:05:03,Backup Failed:   
2025-06-29,03:05:56,Backup Failed:   
2025-06-29,03:05:59,Backup Failed:   
2025-06-29,03:06:00,Backup Failed:   
2025-06-29,03:06:02,Backup Failed:   
2025-06-29,03:06:03,Backup Failed:   
2025-06-29,03:06:03,Finished All Backups  
2025-06-30,02:48:00,Backup Failed:   
2025-06-30,02:48:02,Backup Failed:   
2025-06-30,02:48:04,Backup Failed:   
2025-06-30,02:48:05,Backup Failed:   
2025-06-30,02:48:06,Backup Failed:   
2025-06-30,02:48:07,Backup Failed:   
2025-06-30,02:48:09,Backup Failed:   
2025-06-30,02:48:10,Backup Failed:   
2025-06-30,02:48:10,Finished All Backups  
2025-07-01,03:31:08,Backup Failed:   
2025-07-01,03:31:11,Backup Failed:   
2025-07-01,03:31:14,Backup Failed:   
2025-07-01,03:31:16,Backup Failed:   
2025-07-01,03:31:18,Backup Failed:   
2025-07-01,03:31:20,Backup Failed:   
2025-07-01,03:31:22,Backup Failed:   
2025-07-01,03:31:25,Backup Failed:   
2025-07-01,03:31:25,Finished All Backups  
2025-07-02,03:50:21,Backup already up to date: AutoTool-backup-2025-06-26.bundle  
2025-07-02,03:50:23,Backup already up to date: DynamigMQ-backup-2025-05-23.bundle  
2025-07-02,03:50:26,Backup already up to date: Jefferson-Elora-backup-2025-05-28.bundle  
2025-07-02,03:50:27,Backup already up to date: Promtek-backup-2025-05-23.bundle  
2025-07-02,03:50:29,Backup already up to date: Stellantis-Etobicoke-Casting-backup-2025-05-26.bundle  
2025-07-02,03:50:30,Backup already up to date: Trimont-A-Side-backup-2025-05-23.bundle  
2025-07-02,03:50:32,Backup already up to date: Demos-Tests-backup-2025-05-29.bundle  
2025-07-02,03:50:33,Backup already up to date: Formet-backup-2025-05-30.bundle  
2025-07-02,03:50:34,Finished All Backups  
2025-07-02,13:55:36,Backup already up to date: AutoTool-backup-2025-06-26.bundle  
2025-07-02,13:55:37,Backup already up to date: DynamigMQ-backup-2025-05-23.bundle  
2025-07-02,13:55:38,Backup already up to date: Jefferson-Elora-backup-2025-05-28.bundle  
2025-07-02,13:55:39,Backup already up to date: Promtek-backup-2025-05-23.bundle  
2025-07-02,13:55:40,Backup already up to date: Stellantis-Etobicoke-Casting-backup-2025-05-26.bundle  
2025-07-02,13:55:42,Backup already up to date: Trimont-A-Side-backup-2025-05-23.bundle  
2025-07-02,13:55:43,Backup already up to date: Demos-Tests-backup-2025-05-29.bundle  
2025-07-02,13:55:44,Backup already up to date: Formet-backup-2025-05-30.bundle  
2025-07-02,13:55:45,Finished All Backups  
2025-07-03,03:01:07,Backup already up to date: AutoTool-backup-2025-06-26.bundle  
2025-07-03,03:01:08,Backup already up to date: DynamigMQ-backup-2025-05-23.bundle  
2025-07-03,03:01:11,Backup already up to date: Jefferson-Elora-backup-2025-05-28.bundle  
2025-07-03,03:01:13,Backup already up to date: Promtek-backup-2025-05-23.bundle  
2025-07-03,03:01:17,Backup already up to date: Stellantis-Etobicoke-Casting-backup-2025-05-26.bundle  
2025-07-03,03:01:22,Backup already up to date: Trimont-A-Side-backup-2025-05-23.bundle  
2025-07-03,03:01:24,Backup already up to date: Demos-Tests-backup-2025-05-29.bundle  
2025-07-03,03:01:26,Backup already up to date: Formet-backup-2025-05-30.bundle  
2025-07-03,03:01:27,Finished All Backups  
2025-07-04,03:22:16,Backup already up to date: AutoTool-backup-2025-06-26.bundle  
2025-07-04,03:22:17,Backup already up to date: DynamigMQ-backup-2025-05-23.bundle  
2025-07-04,03:22:19,Backup already up to date: Jefferson-Elora-backup-2025-05-28.bundle  
2025-07-04,03:22:21,Backup already up to date: Promtek-backup-2025-05-23.bundle  
2025-07-04,03:22:22,Backup already up to date: Stellantis-Etobicoke-Casting-backup-2025-05-26.bundle  
2025-07-04,03:22:25,Backup already up to date: Trimont-A-Side-backup-2025-05-23.bundle  
2025-07-04,03:22:28,Backup already up to date: Demos-Tests-backup-2025-05-29.bundle  
2025-07-04,03:22:35,Backup already up to date: Formet-backup-2025-05-30.bundle  
2025-07-04,03:22:36,Finished All Backups  
2025-07-05,02:47:35,Backup already up to date: AutoTool-backup-2025-06-26.bundle  
2025-07-05,02:47:37,Backup already up to date: DynamigMQ-backup-2025-05-23.bundle  
2025-07-05,02:47:39,Backup already up to date: Jefferson-Elora-backup-2025-05-28.bundle  
2025-07-05,02:47:41,Backup already up to date: Promtek-backup-2025-05-23.bundle  
2025-07-05,02:47:43,Backup already up to date: Stellantis-Etobicoke-Casting-backup-2025-05-26.bundle  
2025-07-05,02:47:45,Backup already up to date: Trimont-A-Side-backup-2025-05-23.bundle  
2025-07-05,02:47:46,Backup already up to date: Demos-Tests-backup-2025-05-29.bundle  
2025-07-05,02:47:49,Backup already up to date: Formet-backup-2025-05-30.bundle  
2025-07-05,02:47:50,Finished All Backups  
2025-07-07,03:10:46,Backup already up to date: AutoTool-backup-2025-06-26.bundle  
2025-07-07,03:10:50,Backup already up to date: DynamigMQ-backup-2025-05-23.bundle  
2025-07-07,03:10:52,Backup already up to date: Jefferson-Elora-backup-2025-05-28.bundle  
2025-07-07,03:10:55,Backup already up to date: Promtek-backup-2025-05-23.bundle  
2025-07-07,03:10:57,Backup already up to date: Stellantis-Etobicoke-Casting-backup-2025-05-26.bundle  
2025-07-07,03:10:59,Backup already up to date: Trimont-A-Side-backup-2025-05-23.bundle  
2025-07-07,03:11:02,Backup already up to date: Demos-Tests-backup-2025-05-29.bundle  
2025-07-07,03:11:04,Backup already up to date: Formet-backup-2025-05-30.bundle  
2025-07-07,03:11:04,Finished All Backups  
2025-07-08,03:13:16,Backup already up to date: AutoTool-backup-2025-06-26.bundle  
2025-07-08,03:13:18,Backup already up to date: DynamigMQ-backup-2025-05-23.bundle  
2025-07-08,03:13:21,Backup already up to date: Jefferson-Elora-backup-2025-05-28.bundle  
2025-07-08,03:13:23,Backup already up to date: Promtek-backup-2025-05-23.bundle  
2025-07-08,03:13:25,Backup already up to date: Stellantis-Etobicoke-Casting-backup-2025-05-26.bundle  
2025-07-08,03:13:27,Backup already up to date: Trimont-A-Side-backup-2025-05-23.bundle  
2025-07-08,03:13:28,Backup already up to date: Demos-Tests-backup-2025-05-29.bundle  
2025-07-08,03:13:30,Backup already up to date: Formet-backup-2025-05-30.bundle  
2025-07-08,03:13:30,Finished All Backups  
2025-07-09,03:30:58,Backup already up to date: AutoTool-backup-2025-06-26.bundle  
2025-07-09,03:31:00,Backup already up to date: DynamigMQ-backup-2025-05-23.bundle  
2025-07-09,03:31:02,Backup already up to date: Jefferson-Elora-backup-2025-05-28.bundle  
2025-07-09,03:31:05,Backup already up to date: Promtek-backup-2025-05-23.bundle  
2025-07-09,03:31:07,Backup already up to date: Stellantis-Etobicoke-Casting-backup-2025-05-26.bundle  
2025-07-09,03:31:08,Backup already up to date: Trimont-A-Side-backup-2025-05-23.bundle  
2025-07-09,03:31:10,Backup already up to date: Demos-Tests-backup-2025-05-29.bundle  
2025-07-09,03:31:11,Backup already up to date: Formet-backup-2025-05-30.bundle  
2025-07-09,03:31:12,Finished All Backups  
2025-07-10,03:02:29,Backup Failed:   
2025-07-10,03:02:30,Backup Failed:   
2025-07-10,03:02:31,Backup Failed:   
2025-07-10,03:02:32,Backup Failed:   
2025-07-10,03:02:33,Backup Failed:   
2025-07-10,03:02:34,Backup Failed:   
2025-07-10,03:02:40,Backup Failed:   
2025-07-10,03:02:40,Backup Failed:   
2025-07-10,09:29:09,Backup Complete: G:\My Drive\Project-Repo-Backups\AutoTool\AutoTool-backup-2025-07-10.bundle  
2025-07-10,09:29:11,Backup already up to date: DynamigMQ-backup-2025-05-23.bundle  
2025-07-10,09:29:14,Backup already up to date: Jefferson-Elora-backup-2025-05-28.bundle  
2025-07-10,09:29:17,Backup already up to date: Promtek-backup-2025-05-23.bundle  
2025-07-10,09:29:20,Backup already up to date: Stellantis-Etobicoke-Casting-backup-2025-05-26.bundle  
2025-07-10,09:29:23,Backup already up to date: Trimont-A-Side-backup-2025-05-23.bundle  
2025-07-10,09:29:26,Backup already up to date: Demos-Tests-backup-2025-05-29.bundle  
2025-07-10,09:29:29,Backup already up to date: Formet-backup-2025-05-30.bundle  
2025-07-10,09:29:30,Finished All Backups  
2025-07-22,03:24:33,Backup Failed:   
2025-07-22,03:24:36,Backup Failed:   
2025-07-22,03:24:38,Backup Failed:   
2025-07-22,03:24:40,Backup Failed:   
2025-07-22,03:24:42,Backup Failed:   
2025-07-22,03:24:45,Backup Failed:   
2025-07-22,03:24:46,Backup Failed:   
2025-07-22,03:24:48,Backup Failed:   
2025-07-22,03:24:49,Finished All Backups  
2025-07-23,03:18:30,Backup Failed:   
2025-07-23,03:18:31,Backup Failed:   
2025-07-23,03:18:32,Backup Failed:   
2025-07-23,03:18:34,Backup Failed:   
2025-07-23,03:18:35,Backup Failed:   
2025-07-23,03:18:37,Backup Failed:   
2025-07-23,03:18:39,Backup Failed:   
2025-07-23,03:18:40,Backup Failed:   
2025-07-23,03:18:40,Finished All Backups  
2025-07-24,03:37:57,Backup Complete: G:\My Drive\Project-Repo-Backups\AutoTool\AutoTool-backup-2025-07-24.bundle  
2025-07-24,03:37:59,Backup already up to date: DynamigMQ-backup-2025-05-23.bundle  
2025-07-24,03:38:01,Backup already up to date: Jefferson-Elora-backup-2025-05-28.bundle  
2025-07-24,03:38:03,Backup already up to date: Promtek-backup-2025-05-23.bundle  
2025-07-24,03:38:04,Backup already up to date: Stellantis-Etobicoke-Casting-backup-2025-05-26.bundle  
2025-07-24,03:38:06,Backup already up to date: Trimont-A-Side-backup-2025-05-23.bundle  
2025-07-24,03:38:07,Backup already up to date: Demos-Tests-backup-2025-05-29.bundle  
2025-07-24,03:38:08,Backup already up to date: Formet-backup-2025-05-30.bundle  
2025-07-24,03:38:09,Finished All Backups  
2025-07-26,03:02:12,Backup Failed:   
2025-07-26,03:02:14,Backup Failed:   
2025-07-26,03:02:16,Backup Failed:   
2025-07-26,03:02:17,Backup Failed:   
2025-07-26,03:04:47,Backup Complete: G:\My Drive\Project-Repo-Backups\Stellantis-Etobicoke-Casting\Stellantis-Etobicoke-Casting-backup-2025-07-26.bundle  
2025-07-26,03:04:49,Backup already up to date: Trimont-A-Side-backup-2025-05-23.bundle  
2025-07-26,03:04:50,Backup already up to date: Demos-Tests-backup-2025-05-29.bundle  
2025-07-26,03:04:51,Backup already up to date: Formet-backup-2025-05-30.bundle  
2025-07-26,03:04:52,Finished All Backups  
2025-07-27,03:14:11,Backup already up to date: AutoTool-backup-2025-07-24.bundle  
2025-07-27,03:14:13,Backup already up to date: DynamigMQ-backup-2025-05-23.bundle  
2025-07-27,03:14:14,Backup already up to date: Jefferson-Elora-backup-2025-05-28.bundle  
2025-07-27,03:14:16,Backup already up to date: Promtek-backup-2025-05-23.bundle  
2025-07-27,03:14:18,Backup already up to date: Stellantis-Etobicoke-Casting-backup-2025-07-26.bundle  
2025-07-27,03:14:20,Backup already up to date: Trimont-A-Side-backup-2025-05-23.bundle  
2025-07-27,03:14:22,Backup already up to date: Demos-Tests-backup-2025-05-29.bundle  
2025-07-27,03:14:26,Backup already up to date: Formet-backup-2025-05-30.bundle  
2025-07-27,03:14:27,Finished All Backups  
2025-07-28,03:07:58,Backup already up to date: AutoTool-backup-2025-07-24.bundle  
2025-07-28,03:08:00,Backup already up to date: DynamigMQ-backup-2025-05-23.bundle  
2025-07-28,03:08:02,Backup already up to date: Jefferson-Elora-backup-2025-05-28.bundle  
2025-07-28,03:08:04,Backup already up to date: Promtek-backup-2025-05-23.bundle  
2025-07-28,03:08:06,Backup already up to date: Stellantis-Etobicoke-Casting-backup-2025-07-26.bundle  
2025-07-28,03:08:07,Backup already up to date: Trimont-A-Side-backup-2025-05-23.bundle  
2025-07-28,03:08:09,Backup already up to date: Demos-Tests-backup-2025-05-29.bundle  
2025-07-28,03:08:12,Backup already up to date: Formet-backup-2025-05-30.bundle  
2025-07-28,03:08:12,Finished All Backups  
2025-07-29,05:10:06,Backup Failed:   
2025-07-29,07:09:37,Backup Failed:   
2025-07-29,09:18:47,Backup Failed:   
2025-08-01,05:24:04,Backup Failed:   
2025-08-01,07:37:32,Backup Failed:   
2025-08-01,09:05:39,Backup Failed:   
2025-08-01,09:05:41,Backup already up to date: Promtek-backup-2025-05-23.bundle  
2025-08-01,09:05:43,Backup already up to date: Stellantis-Etobicoke-Casting-backup-2025-07-26.bundle  
2025-08-01,09:05:45,Backup already up to date: Trimont-A-Side-backup-2025-05-23.bundle  
2025-08-01,09:05:47,Backup already up to date: Demos-Tests-backup-2025-05-29.bundle  
2025-08-01,09:05:49,Backup already up to date: Formet-backup-2025-05-30.bundle  
2025-08-01,09:05:50,Finished All Backups  
2025-08-02,05:53:05,Backup Failed:   
2025-08-02,08:02:14,Backup Failed:   
2025-08-02,10:18:24,Backup Failed:   
2025-08-02,12:21:21,Backup Failed:   
2025-08-02,13:50:46,Backup Failed:   
2025-08-02,13:50:48,Backup already up to date: Trimont-A-Side-backup-2025-05-23.bundle  
2025-08-02,13:50:49,Backup already up to date: Demos-Tests-backup-2025-05-29.bundle  
2025-08-02,13:50:51,Backup already up to date: Formet-backup-2025-05-30.bundle  
2025-08-02,13:50:52,Finished All Backups  
2025-08-03,07:19:50,Backup Failed:   
2025-08-03,09:28:08,Backup Failed:   
2025-08-03,11:39:49,Backup Failed:   
2025-08-03,13:37:38,Backup Failed:   
2025-08-03,13:37:46,Backup already up to date: Stellantis-Etobicoke-Casting-backup-2025-07-26.bundle  
2025-08-03,13:37:48,Backup already up to date: Trimont-A-Side-backup-2025-05-23.bundle  
2025-08-03,13:37:51,Backup already up to date: Demos-Tests-backup-2025-05-29.bundle  
2025-08-03,13:37:53,Backup already up to date: Formet-backup-2025-05-30.bundle  
2025-08-03,13:37:53,Finished All Backups  
2025-08-04,05:50:40,Backup Failed:   
2025-08-04,08:12:23,Backup Failed:   
2025-08-04,10:26:30,Backup Failed:   
2025-08-04,12:36:26,Backup Failed:   
2025-08-04,13:45:06,Backup Failed:   
2025-08-04,13:45:08,Backup already up to date: Trimont-A-Side-backup-2025-05-23.bundle  
2025-08-04,13:45:10,Backup already up to date: Demos-Tests-backup-2025-05-29.bundle  
2025-08-04,13:45:12,Backup already up to date: Formet-backup-2025-05-30.bundle  
2025-08-04,13:45:13,Finished All Backups  
2025-08-05,03:04:08,Backup Failed:   
2025-08-05,03:04:11,Backup Failed:   
2025-08-05,03:04:14,Backup Failed:   
2025-08-05,03:04:17,Backup Failed:   
2025-08-05,03:04:20,Backup Failed:   
2025-08-05,03:04:23,Backup Failed:   
2025-08-05,03:04:26,Backup Failed:   
2025-08-05,03:04:29,Backup Failed:   
2025-08-05,03:04:31,Finished All Backups  
2025-08-06,03:08:59,Backup Failed:   
2025-08-06,03:09:03,Backup Failed:   
2025-08-06,03:09:05,Backup Failed:   
2025-08-06,03:09:07,Backup Failed:   
2025-08-06,03:09:09,Backup already up to date: Stellantis-Etobicoke-Casting-backup-2025-07-26.bundle  
2025-08-06,03:09:13,Backup already up to date: Trimont-A-Side-backup-2025-05-23.bundle  
2025-08-06,03:09:15,Backup already up to date: Demos-Tests-backup-2025-05-29.bundle  
2025-08-06,03:09:18,Backup already up to date: Formet-backup-2025-05-30.bundle  
2025-08-06,03:09:18,Finished All Backups  
2025-08-07,03:07:00,Backup Failed:   
2025-08-07,03:07:01,Backup Failed:   
2025-08-07,03:07:02,Backup Failed:   
2025-08-07,03:07:04,Backup Failed:   
2025-08-07,03:07:05,Backup Failed:   
2025-08-07,03:07:07,Backup Failed:   
2025-08-07,03:07:08,Backup Failed:   
2025-08-07,03:07:10,Backup Failed:   
2025-08-07,03:07:11,Finished All Backups  
2025-08-09,03:11:13,Backup already up to date: AutoTool-backup-2025-07-24.bundle  
2025-08-09,03:11:15,Backup already up to date: DynamigMQ-backup-2025-05-23.bundle  
2025-08-09,03:11:19,Backup already up to date: Jefferson-Elora-backup-2025-05-28.bundle  
2025-08-09,03:11:21,Backup already up to date: Promtek-backup-2025-05-23.bundle  
2025-08-09,03:11:22,Backup already up to date: Stellantis-Etobicoke-Casting-backup-2025-07-26.bundle  
2025-08-09,03:11:24,Backup already up to date: Trimont-A-Side-backup-2025-05-23.bundle  
2025-08-09,03:11:25,Backup already up to date: Demos-Tests-backup-2025-05-29.bundle  
2025-08-09,03:11:27,Backup already up to date: Formet-backup-2025-05-30.bundle  
2025-08-09,03:11:27,Finished All Backups  
2025-08-10,03:12:27,Backup already up to date: AutoTool-backup-2025-07-24.bundle  
2025-08-10,03:12:29,Backup already up to date: DynamigMQ-backup-2025-05-23.bundle  
2025-08-10,03:12:31,Backup already up to date: Jefferson-Elora-backup-2025-05-28.bundle  
2025-08-10,03:12:33,Backup already up to date: Promtek-backup-2025-05-23.bundle  
2025-08-10,03:12:34,Backup already up to date: Stellantis-Etobicoke-Casting-backup-2025-07-26.bundle  
2025-08-10,03:12:36,Backup already up to date: Trimont-A-Side-backup-2025-05-23.bundle  
2025-08-10,03:12:38,Backup already up to date: Demos-Tests-backup-2025-05-29.bundle  
2025-08-10,03:12:39,Backup already up to date: Formet-backup-2025-05-30.bundle  
2025-08-10,03:12:40,Finished All Backups  
2025-08-11,03:10:26,Backup already up to date: AutoTool-backup-2025-07-24.bundle  
2025-08-11,03:10:28,Backup already up to date: DynamigMQ-backup-2025-05-23.bundle  
2025-08-11,03:10:30,Backup already up to date: Jefferson-Elora-backup-2025-05-28.bundle  
2025-08-11,03:10:33,Backup already up to date: Promtek-backup-2025-05-23.bundle  
2025-08-11,03:10:35,Backup already up to date: Stellantis-Etobicoke-Casting-backup-2025-07-26.bundle  
2025-08-11,03:10:37,Backup already up to date: Trimont-A-Side-backup-2025-05-23.bundle  
2025-08-11,03:10:40,Backup already up to date: Demos-Tests-backup-2025-05-29.bundle  
2025-08-11,03:10:43,Backup already up to date: Formet-backup-2025-05-30.bundle  
2025-08-11,03:10:45,Finished All Backups  
2025-08-12,02:31:18,Backup already up to date: AutoTool-backup-2025-07-24.bundle  
2025-08-12,02:31:19,Backup already up to date: DynamigMQ-backup-2025-05-23.bundle  
2025-08-12,02:31:21,Backup already up to date: Jefferson-Elora-backup-2025-05-28.bundle  
2025-08-12,02:31:23,Backup already up to date: Promtek-backup-2025-05-23.bundle  
2025-08-12,02:31:24,Backup already up to date: Stellantis-Etobicoke-Casting-backup-2025-07-26.bundle  
2025-08-12,02:31:25,Backup already up to date: Trimont-A-Side-backup-2025-05-23.bundle  
2025-08-12,02:31:27,Backup already up to date: Demos-Tests-backup-2025-05-29.bundle  
2025-08-12,02:31:28,Backup already up to date: Formet-backup-2025-05-30.bundle  
2025-08-12,02:31:28,Finished All Backups  
2025-08-13,03:30:58,Backup Failed:   
2025-08-13,03:46:03,Backup Failed:   
2025-08-13,03:58:57,Backup Failed:   
2025-08-13,04:10:57,Backup Failed:   
2025-08-13,04:23:57,Backup Failed:   
2025-08-13,04:37:00,Backup Failed:   
2025-08-13,04:50:28,Backup Failed:   
2025-08-13,05:06:17,Backup Failed:   
2025-08-13,05:12:16,Finished All Backups  
2025-08-14,03:12:06,Backup already up to date: AutoTool-backup-2025-07-24.bundle  
2025-08-14,06:34:53,Backup Failed:   
2025-08-14,08:35:57,Backup Failed:   
2025-08-14,09:39:11,Backup Complete: G:\My Drive\Project-Repo-Backups\Promtek\Promtek-backup-2025-08-14.bundle  
2025-08-14,09:39:14,Backup already up to date: Stellantis-Etobicoke-Casting-backup-2025-07-26.bundle  
2025-08-14,09:39:17,Backup already up to date: Trimont-A-Side-backup-2025-05-23.bundle  
2025-08-14,09:39:20,Backup already up to date: Demos-Tests-backup-2025-05-29.bundle  
2025-08-14,09:39:21,Backup already up to date: Formet-backup-2025-05-30.bundle  
2025-08-14,09:39:22,Finished All Backups  
2025-08-16,06:16:12,Backup Failed:   
2025-08-16,08:40:19,Backup Failed:   
2025-08-16,10:55:42,Backup Failed:   
2025-08-16,13:15:32,Backup Failed:   
2025-08-16,14:38:36,Backup Failed:   
2025-08-16,16:27:36,Backup Failed:   
2025-08-16,23:42:54,Backup Failed:   
2025-08-17,01:57:02,Backup Failed:   
2025-08-17,02:46:03,Finished All Backups  
2025-08-17,04:51:17,Backup Failed:   
2025-08-17,06:57:25,Backup Failed:   
2025-08-17,08:57:36,Backup Failed:   
2025-08-17,10:57:45,Backup Failed:   
2025-08-17,13:03:28,Backup Failed:   
2025-08-17,15:15:57,Backup Failed:   
2025-08-17,16:28:09,Backup Failed:   
2025-08-17,16:28:14,Backup already up to date: Formet-backup-2025-05-30.bundle  
2025-08-17,16:28:15,Finished All Backups  
2025-08-18,06:06:23,Backup Failed:   
2025-08-18,08:14:25,Backup Failed:   
2025-08-18,09:18:52,Backup Failed:   
2025-08-18,09:18:54,Backup already up to date: Promtek-backup-2025-08-14.bundle  
2025-08-18,09:19:00,Backup already up to date: Stellantis-Etobicoke-Casting-backup-2025-07-26.bundle  
2025-08-18,09:19:04,Backup already up to date: Trimont-A-Side-backup-2025-05-23.bundle  
2025-08-18,09:19:06,Backup already up to date: Demos-Tests-backup-2025-05-29.bundle  
2025-08-18,09:19:08,Backup already up to date: Formet-backup-2025-05-30.bundle  
2025-08-18,09:19:09,Finished All Backups  
2025-08-19,05:40:05,Backup Failed:   
2025-08-19,07:55:08,Backup Failed:   
2025-08-19,09:33:35,Backup Failed:   
2025-08-19,09:33:40,Backup already up to date: Promtek-backup-2025-08-14.bundle  
2025-08-19,09:33:49,Backup already up to date: Stellantis-Etobicoke-Casting-backup-2025-07-26.bundle  
2025-08-19,09:33:54,Backup already up to date: Trimont-A-Side-backup-2025-05-23.bundle  
2025-08-19,09:34:03,Backup already up to date: Demos-Tests-backup-2025-05-29.bundle  
2025-08-19,09:34:05,Backup already up to date: Formet-backup-2025-05-30.bundle  
2025-08-19,09:34:06,Finished All Backups  
2025-08-20,04:30:39,Backup already up to date: AutoTool-backup-2025-07-24.bundle  
2025-08-20,06:45:44,Backup Failed:   
2025-08-20,08:40:51,Backup Failed:   
2025-08-20,09:16:43,Backup Complete: G:\My Drive\Project-Repo-Backups\Promtek\Promtek-backup-2025-08-20.bundle  
2025-08-20,09:16:46,Backup already up to date: Stellantis-Etobicoke-Casting-backup-2025-07-26.bundle  
2025-08-20,09:16:48,Backup already up to date: Trimont-A-Side-backup-2025-05-23.bundle  
2025-08-20,09:16:50,Backup already up to date: Demos-Tests-backup-2025-05-29.bundle  
2025-08-20,09:16:52,Backup already up to date: Formet-backup-2025-05-30.bundle  
2025-08-20,09:16:52,Finished All Backups  
2025-08-21,06:04:08,Backup Failed:   
2025-08-21,08:15:10,Backup Failed:   
2025-08-21,09:58:23,Backup Failed:   
2025-08-21,09:58:41,Backup already up to date: Promtek-backup-2025-08-20.bundle  
2025-08-21,09:58:59,Backup already up to date: Stellantis-Etobicoke-Casting-backup-2025-07-26.bundle  
2025-08-21,09:59:03,Backup already up to date: Trimont-A-Side-backup-2025-05-23.bundle  
2025-08-21,09:59:06,Backup already up to date: Demos-Tests-backup-2025-05-29.bundle  
2025-08-21,09:59:19,Backup already up to date: Formet-backup-2025-05-30.bundle  
2025-08-21,09:59:27,Finished All Backups  
2025-08-22,03:09:50,Backup Failed:   
2025-08-22,03:14:32,Backup Failed:   
2025-08-22,03:15:36,Backup Failed:   
2025-08-22,03:18:32,Backup Failed:   
2025-08-22,03:24:40,Backup Failed:   
2025-08-22,03:24:43,Backup Failed:   
2025-08-22,03:24:46,Backup Failed:   
2025-08-22,03:24:48,Backup Failed:   
2025-08-22,03:24:50,Finished All Backups  
2025-08-23,05:58:47,Backup Failed:   
2025-08-23,08:14:52,Backup Failed:   
2025-08-23,10:26:11,Backup Failed:   
2025-08-23,12:51:07,Backup Failed:   
2025-08-23,14:57:13,Backup Failed:   
2025-08-23,16:40:18,Backup Failed:   
2025-08-23,21:25:19,Backup Failed:   
2025-08-23,23:37:23,Backup Failed:   
2025-08-24,00:21:24,Finished All Backups  
2025-08-24,03:16:57,Backup already up to date: AutoTool-backup-2025-07-24.bundle  
2025-08-24,05:18:02,Backup Failed:   
2025-08-24,07:14:58,Backup Failed:   
2025-08-24,09:17:00,Backup Failed:   
2025-08-24,21:25:09,Backup Failed:   
2025-08-24,21:25:26,Backup already up to date: Trimont-A-Side-backup-2025-05-23.bundle  
2025-08-24,21:25:53,Backup already up to date: Demos-Tests-backup-2025-05-29.bundle  
2025-08-24,21:25:56,Backup already up to date: Formet-backup-2025-05-30.bundle  
2025-08-24,21:25:57,Finished All Backups  
2025-08-25,03:36:47,Backup already up to date: AutoTool-backup-2025-07-24.bundle  
2025-08-25,05:41:43,Backup Failed:   
2025-08-25,07:48:47,Backup Failed:   
2025-08-25,09:16:03,Backup Failed:   
2025-08-25,09:16:10,Backup already up to date: Stellantis-Etobicoke-Casting-backup-2025-07-26.bundle  
2025-08-25,09:16:13,Backup already up to date: Trimont-A-Side-backup-2025-05-23.bundle  
2025-08-25,09:16:17,Backup already up to date: Demos-Tests-backup-2025-05-29.bundle  
2025-08-25,09:16:21,Backup already up to date: Formet-backup-2025-05-30.bundle  
2025-08-25,09:16:23,Finished All Backups  
2025-08-26,02:02:06,Backup already up to date: AutoTool-backup-2025-07-24.bundle  
2025-08-26,02:02:08,Backup already up to date: DynamigMQ-backup-2025-05-23.bundle  
2025-08-26,02:02:11,Backup already up to date: Jefferson-Elora-backup-2025-05-28.bundle  
2025-08-26,02:02:13,Backup already up to date: Promtek-backup-2025-08-20.bundle  
2025-08-26,02:02:15,Backup already up to date: Stellantis-Etobicoke-Casting-backup-2025-07-26.bundle  
2025-08-26,02:02:17,Backup already up to date: Trimont-A-Side-backup-2025-05-23.bundle  
2025-08-26,02:02:19,Backup already up to date: Demos-Tests-backup-2025-05-29.bundle  
2025-08-26,02:02:20,Backup already up to date: Formet-backup-2025-05-30.bundle  
2025-08-26,02:02:21,Finished All Backups  
2025-08-27,02:51:08,Backup already up to date: AutoTool-backup-2025-07-24.bundle  
2025-08-27,02:51:11,Backup already up to date: DynamigMQ-backup-2025-05-23.bundle  
2025-08-27,02:51:13,Backup already up to date: Jefferson-Elora-backup-2025-05-28.bundle  
2025-08-27,02:51:15,Backup already up to date: Promtek-backup-2025-08-20.bundle  
2025-08-27,02:51:17,Backup already up to date: Stellantis-Etobicoke-Casting-backup-2025-07-26.bundle  
2025-08-27,02:51:19,Backup already up to date: Trimont-A-Side-backup-2025-05-23.bundle  
2025-08-27,02:51:21,Backup already up to date: Demos-Tests-backup-2025-05-29.bundle  
2025-08-27,02:51:23,Backup already up to date: Formet-backup-2025-05-30.bundle  
2025-08-27,02:51:24,Finished All Backups  
2025-08-30,07:05:27,Backup already up to date: AutoTool-backup-2025-07-24.bundle  
2025-08-30,07:05:31,Backup already up to date: DynamigMQ-backup-2025-05-23.bundle  
2025-08-30,07:05:34,Backup already up to date: Jefferson-Elora-backup-2025-05-28.bundle  
2025-08-30,07:05:36,Backup already up to date: Promtek-backup-2025-08-20.bundle  
2025-08-30,07:05:38,Backup already up to date: Stellantis-Etobicoke-Casting-backup-2025-07-26.bundle  
2025-08-30,07:05:41,Backup already up to date: Trimont-A-Side-backup-2025-05-23.bundle  
2025-08-30,07:05:43,Backup already up to date: Demos-Tests-backup-2025-05-29.bundle  
2025-08-30,07:05:45,Backup already up to date: Formet-backup-2025-05-30.bundle  
2025-08-30,07:05:46,Finished All Backups  
2025-08-31,04:31:07,Backup Failed:   
2025-08-31,05:12:00,Backup already up to date: DynamigMQ-backup-2025-05-23.bundle  
2025-08-31,06:32:09,Backup Failed:   
2025-08-31,07:05:05,Backup already up to date: Promtek-backup-2025-08-20.bundle  
2025-08-31,09:30:03,Backup Failed:   
2025-08-31,09:33:29,Backup already up to date: Trimont-A-Side-backup-2025-05-23.bundle  
2025-08-31,10:11:05,Backup already up to date: Demos-Tests-backup-2025-05-29.bundle  
2025-08-31,11:33:26,Backup Failed:   
2025-08-31,12:06:08,Finished All Backups  
2025-09-01,02:54:51,Backup already up to date: AutoTool-backup-2025-07-24.bundle  
2025-09-01,02:54:54,Backup already up to date: DynamigMQ-backup-2025-05-23.bundle  
2025-09-01,02:54:56,Backup already up to date: Jefferson-Elora-backup-2025-05-28.bundle  
2025-09-01,02:54:59,Backup already up to date: Promtek-backup-2025-08-20.bundle  
2025-09-01,03:14:44,Backup already up to date: Stellantis-Etobicoke-Casting-backup-2025-07-26.bundle  
2025-09-01,03:56:01,Backup already up to date: Trimont-A-Side-backup-2025-05-23.bundle  
2025-09-01,03:56:16,Backup already up to date: Demos-Tests-backup-2025-05-29.bundle  
2025-09-01,04:03:42,Backup already up to date: Formet-backup-2025-05-30.bundle  
2025-09-01,04:39:42,Finished All Backups  
2025-09-02,09:24:27,Backup already up to date: AutoTool-backup-2025-07-24.bundle  
2025-09-02,09:24:30,Backup already up to date: DynamigMQ-backup-2025-05-23.bundle  
2025-09-02,09:24:34,Backup already up to date: Jefferson-Elora-backup-2025-05-28.bundle  
2025-09-02,09:24:40,Backup already up to date: Promtek-backup-2025-08-20.bundle  
2025-09-02,09:24:43,Backup already up to date: Stellantis-Etobicoke-Casting-backup-2025-07-26.bundle  
2025-09-02,09:24:46,Backup already up to date: Trimont-A-Side-backup-2025-05-23.bundle  
2025-09-02,09:24:48,Backup already up to date: Demos-Tests-backup-2025-05-29.bundle  
2025-09-02,09:24:51,Backup already up to date: Formet-backup-2025-05-30.bundle  
2025-09-02,09:24:53,Finished All Backups  
2025-09-02,10:02:42,Backup already up to date: AutoTool-backup-2025-07-24.bundle  
2025-09-02,10:02:43,Backup already up to date: DynamigMQ-backup-2025-05-23.bundle  
2025-09-02,10:02:45,Backup already up to date: Jefferson-Elora-backup-2025-05-28.bundle  
2025-09-02,10:02:47,Backup already up to date: Promtek-backup-2025-08-20.bundle  
2025-09-02,10:02:48,Backup already up to date: Stellantis-Etobicoke-Casting-backup-2025-07-26.bundle  
2025-09-02,10:02:50,Backup already up to date: Trimont-A-Side-backup-2025-05-23.bundle  
2025-09-02,10:02:51,Backup already up to date: Demos-Tests-backup-2025-05-29.bundle  
2025-09-02,10:02:53,Backup already up to date: Formet-backup-2025-05-30.bundle  
2025-09-02,10:03:24,Backup Complete: G:\My Drive\Project-Repo-Backups\DynamigDT\DynamigDT-backup-2025-09-02.bundle  
2025-09-02,10:03:25,Finished All Backups  
2025-09-03,05:56:52,Backup Failed:   
2025-09-03,08:03:02,Backup Failed:   
2025-09-03,09:18:18,Backup Failed:   
2025-09-03,09:18:28,Backup already up to date: Promtek-backup-2025-08-20.bundle  
2025-09-03,09:18:31,Backup already up to date: Stellantis-Etobicoke-Casting-backup-2025-07-26.bundle  
2025-09-03,09:18:33,Backup already up to date: Trimont-A-Side-backup-2025-05-23.bundle  
2025-09-03,09:18:37,Backup already up to date: Demos-Tests-backup-2025-05-29.bundle  
2025-09-03,09:18:39,Backup already up to date: Formet-backup-2025-05-30.bundle  
2025-09-03,09:18:42,Backup already up to date: DynamigDT-backup-2025-09-02.bundle  
2025-09-03,09:18:44,Finished All Backups  
2025-09-04,03:23:04,Backup already up to date: AutoTool-backup-2025-07-24.bundle  
2025-09-04,03:23:07,Backup already up to date: DynamigMQ-backup-2025-05-23.bundle  
2025-09-04,03:30:18,Backup Complete: G:\My Drive\Project-Repo-Backups\Jefferson-Elora\Jefferson-Elora-backup-2025-09-04.bundle  
2025-09-04,03:30:20,Backup already up to date: Promtek-backup-2025-08-20.bundle  
2025-09-04,03:30:21,Backup already up to date: Stellantis-Etobicoke-Casting-backup-2025-07-26.bundle  
2025-09-04,03:30:23,Backup already up to date: Trimont-A-Side-backup-2025-05-23.bundle  
2025-09-04,03:30:24,Backup already up to date: Demos-Tests-backup-2025-05-29.bundle  
2025-09-04,03:30:26,Backup already up to date: Formet-backup-2025-05-30.bundle  
2025-09-04,03:30:27,Backup already up to date: DynamigDT-backup-2025-09-02.bundle  
2025-09-04,03:30:28,Finished All Backups  
2025-09-05,04:43:34,Backup Failed:   
2025-09-05,06:51:39,Backup Failed:   
2025-09-05,08:58:46,Backup Failed:   
2025-09-05,11:02:43,Backup Failed:   
2025-09-05,11:14:51,Backup Complete: G:\My Drive\Project-Repo-Backups\Stellantis-Etobicoke-Casting\Stellantis-Etobicoke-Casting-backup-2025-09-05.bundle  
2025-09-05,11:14:53,Backup already up to date: Trimont-A-Side-backup-2025-05-23.bundle  
2025-09-05,11:14:54,Backup already up to date: Demos-Tests-backup-2025-05-29.bundle  
2025-09-05,11:14:56,Backup already up to date: Formet-backup-2025-05-30.bundle  
2025-09-05,11:14:57,Backup already up to date: DynamigDT-backup-2025-09-02.bundle  
2025-09-05,11:14:58,Finished All Backups  
2025-09-09,05:42:00,Backup Failed:   
2025-09-09,08:01:03,Backup Failed:   
2025-09-09,09:34:05,Backup Failed:   
2025-09-09,09:34:17,Backup already up to date: Promtek-backup-2025-08-20.bundle  
2025-09-09,09:34:23,Backup already up to date: Stellantis-Etobicoke-Casting-backup-2025-09-05.bundle  
2025-09-09,09:34:26,Backup already up to date: Trimont-A-Side-backup-2025-05-23.bundle  
2025-09-09,09:34:28,Backup already up to date: Demos-Tests-backup-2025-05-29.bundle  
2025-09-09,09:34:30,Backup already up to date: Formet-backup-2025-05-30.bundle  
2025-09-09,09:34:33,Backup already up to date: DynamigDT-backup-2025-09-02.bundle  
2025-09-09,09:34:33,Finished All Backups  
2025-09-10,05:32:28,Backup Failed:   
2025-09-10,07:15:13,Backup Failed:   
2025-09-10,09:00:13,Backup Failed:   
2025-09-10,09:28:18,Backup Complete: G:\My Drive\Project-Repo-Backups\Promtek\Promtek-backup-2025-09-10.bundle  
2025-09-10,09:28:23,Backup already up to date: Stellantis-Etobicoke-Casting-backup-2025-09-05.bundle  
2025-09-10,09:28:25,Backup already up to date: Trimont-A-Side-backup-2025-05-23.bundle  
2025-09-10,09:28:27,Backup already up to date: Demos-Tests-backup-2025-05-29.bundle  
2025-09-10,09:28:29,Backup already up to date: Formet-backup-2025-05-30.bundle  
2025-09-10,09:28:31,Backup already up to date: DynamigDT-backup-2025-09-02.bundle  
2025-09-10,09:28:32,Finished All Backups  
2025-09-11,04:12:53,Backup Failed:   
2025-09-11,04:12:55,Backup already up to date: DynamigMQ-backup-2025-05-23.bundle  
2025-09-11,04:12:58,Backup already up to date: Jefferson-Elora-backup-2025-09-04.bundle  
2025-09-11,04:13:01,Backup already up to date: Promtek-backup-2025-09-10.bundle  
2025-09-11,04:13:15,Backup already up to date: Stellantis-Etobicoke-Casting-backup-2025-09-05.bundle  
2025-09-11,04:13:17,Backup already up to date: Trimont-A-Side-backup-2025-05-23.bundle  
2025-09-11,04:13:37,Backup already up to date: Demos-Tests-backup-2025-05-29.bundle  
2025-09-11,04:13:40,Backup already up to date: Formet-backup-2025-05-30.bundle  
2025-09-11,04:13:41,Backup already up to date: DynamigDT-backup-2025-09-02.bundle  
2025-09-11,04:13:42,Finished All Backups  
2025-09-23,11:43:48,Backup Complete: G:\My Drive\Project-Repo-Backups\AutoTool\AutoTool-backup-2025-09-23.bundle  
2025-09-23,11:43:49,Backup already up to date: DynamigMQ-backup-2025-05-23.bundle  
2025-09-23,11:52:51,Backup Complete: G:\My Drive\Project-Repo-Backups\Jefferson-Elora\Jefferson-Elora-backup-2025-09-23.bundle  
2025-09-23,11:52:53,Backup already up to date: Promtek-backup-2025-09-10.bundle  
2025-09-23,11:52:54,Backup already up to date: Stellantis-Etobicoke-Casting-backup-2025-09-05.bundle  
2025-09-23,11:52:55,Backup already up to date: Trimont-A-Side-backup-2025-05-23.bundle  
2025-09-23,11:52:57,Backup already up to date: Demos-Tests-backup-2025-05-29.bundle  
2025-09-23,11:52:58,Backup already up to date: Formet-backup-2025-05-30.bundle  
2025-09-23,11:52:59,Backup already up to date: DynamigDT-backup-2025-09-02.bundle  
2025-09-23,11:53:00,Finished All Backups  
2025-11-13,10:52:43,Backup already up to date: AutoTool-backup-2025-09-23.bundle  
2025-11-13,10:52:45,Backup already up to date: DynamigMQ-backup-2025-05-23.bundle  
2025-11-13,11:08:56,Backup Complete: G:\My Drive\Project-Repo-Backups\Jefferson-Elora\Jefferson-Elora-backup-2025-11-13.bundle  
2025-11-13,11:08:59,Backup already up to date: Promtek-backup-2025-09-10.bundle  
2025-11-13,11:09:01,Backup already up to date: Stellantis-Etobicoke-Casting-backup-2025-09-05.bundle  
2025-11-13,11:09:03,Backup already up to date: Trimont-A-Side-backup-2025-05-23.bundle  
2025-11-13,11:09:06,Backup already up to date: Demos-Tests-backup-2025-05-29.bundle  
2025-11-13,11:21:13,Backup Complete: G:\My Drive\Project-Repo-Backups\Formet\Formet-backup-2025-11-13.bundle  
2025-11-13,11:21:15,Backup already up to date: DynamigDT-backup-2025-09-02.bundle  
2025-11-13,11:21:16,Finished All Backups  
